FID;Loading_Month;Loaded_By;TYPE;sub;OperatingV
0;May;Christopher Masukume;LV; ;400V
1;May;Christopher Masukume;LV; ;400V
2;May;Christopher Masukume;LV; ;400V
3;May;Christopher Masukume;LV; ;400V
4;May;Christopher Masukume;LV; ;400V
5;May;Christopher Masukume;LV; ;400V
6;May;Christopher Masukume;LV; ;400V
7;May;Christopher Masukume;LV; ;400V
8;May;Christopher Masukume;LV; ;400V
9;May;Christopher Masukume;LV; ;400V
10;May;Christopher Masukume;LV; ;400V
11;May;Christopher Masukume;LV; ;400V
12;May;Christopher Masukume;LV; ;400V
13;May;Christopher Masukume;LV; ;400V
14;May;Christopher Masukume;LV; ;400V
15;May;Christopher Masukume;LV; ;400V
16;May;Christopher Masukume;LV; ;400V
17;May;Christopher Masukume;LV; ;400V
18;May;Christopher Masukume;LV; ;400V
19;May;Christopher Masukume;LV; ;400V
20;May;Christopher Masukume;LV; ;400V
21;May;Christopher Masukume;LV; ;400V
22;May;Christopher Masukume;LV; ;400V
23;May;Christopher Masukume;LV; ;400V
24;May;Christopher Masukume;LV; ;400V
25;May;Christopher Masukume;LV; ;400V
26;May;Christopher Masukume;LV; ;400V
27;May;Christopher Masukume;LV; ;400V
28;May;Christopher Masukume;LV; ;400V
29;May;Christopher Masukume;LV; ;400V
30;May;Christopher Masukume;LV; ;400V
31;May;Christopher Masukume;LV; ;400V
32;May;Christopher Masukume;LV; ;400V
33;May;Christopher Masukume;LV; ;400V
34;May;Christopher Masukume;LV; ;400V
35;May;Christopher Masukume;LV; ;400V
36;May;Christopher Masukume;LV; ;400V
37;May;Christopher Masukume;LV; ;400V
38;May;Christopher Masukume;LV; ;400V
39;May;Christopher Masukume;LV; ;400V
40;May;Christopher Masukume;LV; ;400V
41;May;Christopher Masukume;LV; ;400V
42;May;Christopher Masukume;LV; ;400V
43;May;Christopher Masukume;LV; ;400V
44;May;Christopher Masukume;LV; ;400V
45;May;Christopher Masukume;LV; ;400V
46;May;Christopher Masukume;LV; ;400V
47;May;Christopher Masukume;LV; ;400V
48;May;Christopher Masukume;LV; ;400V
49;May;Christopher Masukume;LV; ;400V
50;May;Christopher Masukume;LV; ;400V
51;May;Christopher Masukume;LV; ;400V
52;May;Christopher Masukume;LV; ;400V
53;May;Christopher Masukume;LV; ;400V
54;May;Christopher Masukume;LV; ;400V
55;May;Christopher Masukume;LV; ;400V
56;May;Christopher Masukume;LV; ;400V
57;May;Christopher Masukume;LV; ;400V
58;May;Christopher Masukume;LV; ;400V
59;May;Christopher Masukume;LV; ;400V
60;May;Christopher Masukume;LV; ;400V
61;May;Christopher Masukume;LV; ;400V
62;May;Christopher Masukume;LV; ;400V
63;May;Christopher Masukume;LV; ;400V
64;May;Christopher Masukume;LV; ;400V
65;May;Christopher Masukume;LV; ;400V
66;May;Christopher Masukume;LV; ;400V
67;May;Christopher Masukume;LV; ;400V
68;May;Christopher Masukume;LV; ;400V
69;May;Christopher Masukume;LV; ;400V
70;May;Christopher Masukume;LV; ;400V
71;May;Christopher Masukume;LV; ;400V
72;May;Christopher Masukume;LV; ;400V
73;May;Christopher Masukume;LV; ;400V
74;May;Christopher Masukume;LV; ;400V
75;May;Christopher Masukume;LV; ;400V
76;May;Christopher Masukume;LV; ;400V
77;May;Christopher Masukume;LV; ;400V
78;May;Christopher Masukume;LV; ;400V
79;May;Christopher Masukume;LV; ;400V
80;May;Christopher Masukume;LV; ;400V
81;May;Christopher Masukume;LV; ;400V
82;May;Christopher Masukume;LV; ;400V
83;May;Christopher Masukume;LV; ;400V
84;May;Christopher Masukume;LV; ;400V
85;May;Christopher Masukume;LV; ;400V
86;May;Christopher Masukume;LV; ;400V
87;May;Christopher Masukume;LV; ;400V
88;May;Christopher Masukume;LV; ;400V
89;May;Christopher Masukume;LV; ;400V
90;May;Christopher Masukume;LV; ;400V
91;May;Christopher Masukume;LV; ;400V
92;May;Christopher Masukume;LV; ;400V
93;May;Christopher Masukume;LV; ;400V
94;May;Christopher Masukume;LV; ;400V
95;May;Christopher Masukume;LV; ;400V
96;May;Christopher Masukume;LV; ;400V
97;May;Christopher Masukume;LV; ;400V
98;May;Christopher Masukume;LV; ;400V
99;May;Christopher Masukume;LV; ;400V
100;May;Christopher Masukume;LV; ;400V
101;May;Christopher Masukume;LV; ;400V
102;May;Christopher Masukume;LV; ;400V
103;May;Christopher Masukume;LV; ;400V
104;May;Christopher Masukume;LV; ;400V
105;May;Christopher Masukume;LV; ;400V
106;May;Christopher Masukume;LV; ;400V
107;May;Christopher Masukume;LV; ;400V
108;May;Christopher Masukume;LV; ;400V
109;May;Christopher Masukume;LV; ;400V
110;May;Christopher Masukume;LV; ;400V
111;May;Christopher Masukume;LV; ;400V
112;May;Christopher Masukume;LV; ;400V
113;May;Christopher Masukume;LV; ;400V
114;May;Christopher Masukume;LV; ;400V
115;May;Christopher Masukume;LV; ;400V
116;May;Christopher Masukume;LV; ;400V
117;May;Christopher Masukume;LV; ;400V
118;May;Christopher Masukume;LV; ;400V
119;May;Christopher Masukume;LV; ;400V
120;May;Christopher Masukume;LV; ;400V
121;May;Christopher Masukume;LV; ;400V
122;May;Christopher Masukume;LV; ;400V
123;May;Christopher Masukume;LV; ;400V
124;May;Christopher Masukume;LV; ;400V
125;May;Christopher Masukume;LV; ;400V
126;May;Christopher Masukume;LV; ;400V
127;May;Christopher Masukume;LV; ;400V
128;May;Christopher Masukume;LV; ;400V
129;May;Christopher Masukume;LV; ;400V
130;May;Christopher Masukume;LV; ;400V
131;May;Christopher Masukume;LV; ;400V
132;May;Christopher Masukume;LV; ;400V
133;May;Christopher Masukume;LV; ;400V
134;May;Christopher Masukume;LV; ;400V
135;May;Christopher Masukume;LV; ;400V
136;May;Christopher Masukume;LV; ;400V
137;May;Christopher Masukume;LV; ;400V
138;May;Christopher Masukume;LV; ;400V
139;May;Christopher Masukume;LV; ;400V
140;May;Christopher Masukume;LV; ;400V
141;May;Christopher Masukume;LV; ;400V
142;May;Christopher Masukume;LV; ;400V
143;May;Christopher Masukume;LV; ;400V
144;May;Christopher Masukume;LV; ;400V
145;May;Christopher Masukume;LV; ;400V
146;May;Christopher Masukume;LV; ;400V
147;May;Christopher Masukume;LV; ;400V
148;May;Christopher Masukume;LV; ;400V
149;May;Christopher Masukume;LV; ;400V
150;May;Christopher Masukume;LV; ;400V
151;May;Christopher Masukume;LV; ;400V
152;May;Christopher Masukume;LV; ;400V
153;May;Christopher Masukume;LV; ;400V
154;May;Christopher Masukume;LV; ;400V
155;May;Christopher Masukume;LV; ;400V
156;May;Christopher Masukume;LV; ;400V
157;May;Christopher Masukume;LV; ;400V
158;May;Christopher Masukume;LV; ;400V
159;May;Christopher Masukume;LV; ;400V
160;May;Christopher Masukume;LV; ;400V
161;May;Christopher Masukume;LV; ;400V
162;May;Christopher Masukume;LV; ;400V
163;May;Christopher Masukume;LV; ;400V
164;May;Christopher Masukume;LV; ;400V
165;May;Christopher Masukume;LV; ;400V
166;May;Christopher Masukume;LV; ;400V
167;May;Christopher Masukume;LV; ;400V
168;May;Christopher Masukume;LV; ;400V
169;May;Christopher Masukume;LV; ;400V
170;May;Christopher Masukume;LV; ;400V
171;May;Christopher Masukume;LV; ;400V
172;May;Christopher Masukume;LV; ;400V
173;May;Christopher Masukume;LV; ;400V
174;May;Christopher Masukume;LV; ;400V
175;May;Christopher Masukume;LV; ;400V
176;May;Christopher Masukume;LV; ;400V
177;May;Christopher Masukume;LV; ;400V
178;May;Christopher Masukume;LV; ;400V
179;May;Christopher Masukume;LV; ;400V
180;May;Christopher Masukume;LV; ;400V
181;May;Christopher Masukume;LV; ;400V
182;May;Christopher Masukume;LV; ;400V
183;May;Christopher Masukume;LV; ;400V
184;May;Christopher Masukume;LV; ;400V
185;May;Christopher Masukume;LV; ;400V
186;May;Christopher Masukume;LV; ;400V
187;May;Christopher Masukume;LV; ;400V
188;May;Christopher Masukume;LV; ;400V
189;May;Christopher Masukume;LV; ;400V
190;May;Christopher Masukume;LV; ;400V
191;May;Christopher Masukume;LV; ;400V
192;May;Christopher Masukume;LV; ;400V
193;May;Christopher Masukume;LV; ;400V
194;May;Christopher Masukume;LV; ;400V
195;May;Christopher Masukume;LV; ;400V
196;May;Christopher Masukume;LV; ;400V
197;May;Christopher Masukume;LV; ;400V
198;May;Christopher Masukume;LV; ;400V
199;May;Christopher Masukume;LV; ;400V
200;May;Christopher Masukume;LV; ;400V
201;May;Christopher Masukume;LV; ;400V
202;May;Christopher Masukume;LV; ;400V
203;May;Christopher Masukume;LV; ;400V
204;May;Christopher Masukume;LV; ;400V
205;May;Christopher Masukume;LV; ;400V
206;May;Christopher Masukume;LV; ;400V
207;May;Christopher Masukume;LV; ;400V
208;May;Christopher Masukume;LV; ;400V
209;May;Christopher Masukume;LV; ;400V
210;May;Christopher Masukume;LV; ;400V
211;May;Christopher Masukume;LV; ;400V
212;May;Christopher Masukume;LV; ;400V
213;May;Christopher Masukume;LV; ;400V
214;May;Christopher Masukume;LV; ;400V
215;May;Christopher Masukume;LV; ;400V
216;May;Christopher Masukume;LV; ;400V
217;May;Christopher Masukume;LV; ;400V
218;May;Christopher Masukume;LV; ;400V
219;May;Christopher Masukume;LV; ;400V
220;May;Christopher Masukume;LV; ;400V
221;May;Christopher Masukume;LV; ;400V
222;May;Christopher Masukume;LV; ;400V
223;May;Christopher Masukume;LV; ;400V
224;May;Christopher Masukume;LV; ;400V
225;May;Christopher Masukume;LV; ;400V
226;May;Christopher Masukume;LV; ;400V
227;May;Christopher Masukume;LV; ;400V
228;May;Christopher Masukume;LV; ;400V
229;May;Christopher Masukume;LV; ;400V
230;May;Christopher Masukume;LV; ;400V
231;May;Christopher Masukume;LV; ;400V
232;May;Christopher Masukume;LV; ;400V
233;May;Christopher Masukume;LV; ;400V
234;May;Christopher Masukume;LV; ;400V
235;May;Christopher Masukume;LV; ;400V
236;May;Christopher Masukume;LV; ;400V
237;May;Christopher Masukume;LV; ;400V
238;May;Christopher Masukume;LV; ;400V
239;May;Christopher Masukume;LV; ;400V
240;May;Christopher Masukume;LV; ;400V
241;May;Christopher Masukume;LV; ;400V
242;May;Christopher Masukume;LV; ;400V
243;May;Christopher Masukume;LV; ;400V
244;May;Christopher Masukume;LV; ;400V
245;May;Christopher Masukume;LV; ;400V
246;May;Christopher Masukume;LV; ;400V
247;May;Christopher Masukume;LV; ;400V
248;May;Christopher Masukume;LV; ;400V
249;May;Christopher Masukume;LV; ;400V
250;May;Christopher Masukume;LV; ;400V
251;May;Christopher Masukume;LV; ;400V
252;May;Christopher Masukume;LV; ;400V
253;May;Christopher Masukume;LV; ;400V
254;May;Christopher Masukume;LV; ;400V
255;May;Christopher Masukume;LV; ;400V
256;May;Christopher Masukume;LV; ;400V
257;May;Christopher Masukume;LV; ;400V
258;May;Christopher Masukume;LV; ;400V
259;May;Christopher Masukume;LV; ;400V
260;May;Christopher Masukume;LV; ;400V
261;May;Christopher Masukume;LV; ;400V
262;May;Christopher Masukume;LV; ;400V
263;May;Christopher Masukume;LV; ;400V
264;May;Christopher Masukume;LV; ;400V
265;May;Christopher Masukume;LV; ;400V
266;May;Christopher Masukume;LV; ;400V
267;May;Christopher Masukume;LV; ;400V
268;May;Christopher Masukume;LV; ;400V
269;May;Christopher Masukume;LV; ;400V
270;May;Christopher Masukume;LV; ;400V
271;May;Christopher Masukume;LV; ;400V
272;May;Christopher Masukume;LV; ;400V
273;May;Christopher Masukume;LV; ;400V
274;May;Christopher Masukume;LV; ;400V
275;May;Christopher Masukume;LV; ;400V
276;May;Christopher Masukume;LV; ;400V
277;May;Christopher Masukume;LV; ;400V
278;May;Christopher Masukume;LV; ;400V
279;May;Christopher Masukume;LV; ;400V
280;May;Christopher Masukume;LV; ;400V
281;May;Christopher Masukume;LV; ;400V
282;May;Christopher Masukume;LV; ;400V
283;May;Christopher Masukume;LV; ;400V
284;May;Christopher Masukume;LV; ;400V
285;May;Christopher Masukume;LV; ;400V
286;May;Christopher Masukume;LV; ;400V
287;May;Christopher Masukume;LV; ;400V
288;May;Christopher Masukume;LV; ;400V
289;May;Christopher Masukume;LV; ;400V
290;May;Christopher Masukume;LV; ;400V
291;May;Christopher Masukume;LV; ;400V
292;May;Christopher Masukume;LV; ;400V
293;May;Christopher Masukume;LV; ;400V
294;May;Christopher Masukume;LV; ;400V
295;May;Christopher Masukume;LV; ;400V
296;May;Christopher Masukume;LV; ;400V
297;May;Christopher Masukume;LV; ;400V
298;May;Christopher Masukume;LV; ;400V
299;May;Christopher Masukume;LV; ;400V
300;May;Christopher Masukume;LV; ;400V
301;May;Christopher Masukume;LV; ;400V
302;May;Christopher Masukume;LV; ;400V
303;May;Christopher Masukume;LV; ;400V
304;May;Christopher Masukume;LV; ;400V
305;May;Christopher Masukume;LV; ;400V
306;May;Christopher Masukume;LV; ;400V
307;May;Christopher Masukume;LV; ;400V
308;May;Christopher Masukume;LV; ;400V
309;May;Christopher Masukume;LV; ;400V
310;May;Christopher Masukume;LV; ;400V
311;May;Christopher Masukume;LV; ;400V
312;May;Christopher Masukume;LV; ;400V
313;May;Christopher Masukume;LV; ;400V
314;May;Christopher Masukume;LV; ;400V
315;May;Christopher Masukume;LV; ;400V
316;May;Christopher Masukume;LV; ;400V
317;May;Christopher Masukume;LV; ;400V
318;May;Christopher Masukume;LV; ;400V
319;May;Christopher Masukume;LV; ;400V
320;May;Christopher Masukume;LV; ;400V
321;May;Christopher Masukume;LV; ;400V
322;May;Christopher Masukume;LV; ;400V
323;May;Christopher Masukume;LV; ;400V
324;May;Christopher Masukume;LV; ;400V
325;May;Christopher Masukume;LV; ;400V
326;May;Christopher Masukume;LV; ;400V
327;May;Christopher Masukume;LV; ;400V
328;May;Christopher Masukume;LV; ;400V
329;May;Christopher Masukume;LV; ;400V
330;May;Christopher Masukume;LV; ;400V
331;May;Christopher Masukume;LV; ;400V
332;May;Christopher Masukume;LV; ;400V
333;May;Christopher Masukume;LV; ;400V
334;May;Christopher Masukume;LV; ;400V
335;May;Christopher Masukume;LV; ;400V
336;May;Christopher Masukume;LV; ;400V
337;May;Christopher Masukume;LV; ;400V
338;May;Christopher Masukume;LV; ;400V
339;May;Christopher Masukume;LV; ;400V
340;May;Christopher Masukume;LV; ;400V
341;May;Christopher Masukume;LV; ;400V
342;May;Christopher Masukume;LV; ;400V
343;May;Christopher Masukume;LV; ;400V
344;May;Christopher Masukume;LV; ;400V
345;May;Christopher Masukume;LV; ;400V
346;May;Christopher Masukume;LV; ;400V
347;May;Christopher Masukume;LV; ;400V
348;May;Christopher Masukume;LV; ;400V
349;May;Christopher Masukume;LV; ;400V
350;May;Christopher Masukume;LV; ;400V
351;May;Christopher Masukume;LV; ;400V
352;May;Christopher Masukume;LV; ;400V
353;May;Christopher Masukume;LV; ;400V
354;May;Christopher Masukume;LV; ;400V
