FID;Loading_Month;Loaded_By;VoltageFor;SizeForCon;Type;sub
0;May;Christopher Masukume;240V;16 sqmm; ; 
1;May;Christopher Masukume;240V;16 sqmm; ; 
2;May;Christopher Masukume;240V;16 sqmm; ; 
3;May;Christopher Masukume;240V;16 sqmm; ; 
4;May;Christopher Masukume;240V;16 sqmm; ; 
5;May;Christopher Masukume;240V;16 sqmm; ; 
6;May;Christopher Masukume;240V;16 sqmm; ; 
7;May;Christopher Masukume;240V;16 sqmm; ; 
8;May;Christopher Masukume;240V;16 sqmm; ; 
9;May;Christopher Masukume;240V;16 sqmm; ; 
10;May;Christopher Masukume;240V;16 sqmm; ; 
11;May;Christopher Masukume;240V;16 sqmm; ; 
12;May;Christopher Masukume;240V;16 sqmm; ; 
13;May;Christopher Masukume;240V;16 sqmm; ; 
14;May;Christopher Masukume;240V;16 sqmm; ; 
15;May;Christopher Masukume;240V;16 sqmm; ; 
16;May;Christopher Masukume;240V;16 sqmm; ; 
17;May;Christopher Masukume;240V;16 sqmm; ; 
18;May;Christopher Masukume;240V;16 sqmm; ; 
19;May;Christopher Masukume;240V;16 sqmm; ; 
20;May;Christopher Masukume;240V;16 sqmm; ; 
21;May;Christopher Masukume;240V;16 sqmm; ; 
22;May;Christopher Masukume;240V;16 sqmm; ; 
23;May;Christopher Masukume;240V;16 sqmm; ; 
24;May;Christopher Masukume;240V;16 sqmm; ; 
25;May;Christopher Masukume;240V;16 sqmm; ; 
26;May;Christopher Masukume;240V;16 sqmm; ; 
27;May;Christopher Masukume;240V;16 sqmm; ; 
28;May;Christopher Masukume;240V;16 sqmm;2; 
29;May;Christopher Masukume;240V;16 sqmm;2; 
30;May;Christopher Masukume;240V;16 sqmm;2; 
31;May;Christopher Masukume;240V;16 sqmm;2; 
32;May;Christopher Masukume;240V;16 sqmm;2; 
33;May;Christopher Masukume;240V;16 sqmm;1; 
34;May;Christopher Masukume;240V;16 sqmm;1; 
35;May;Christopher Masukume;240V;16 sqmm;1; 
36;May;Christopher Masukume;240V;16 sqmm;2; 
37;May;Christopher Masukume;240V;16 sqmm;2; 
38;May;Christopher Masukume;240V;16 sqmm;2; 
39;May;Christopher Masukume;240V;16 sqmm;2; 
40;May;Christopher Masukume;240V;16 sqmm;2; 
41;May;Christopher Masukume;240V;16 sqmm;CABLE; 
42;May;Christopher Masukume;240V;16 sqmm;1; 
43;May;Christopher Masukume;240V;16 sqmm;1; 
44;May;Christopher Masukume;240V;16 sqmm;2; 
45;May;Christopher Masukume;240V;16 sqmm;2; 
46;May;Christopher Masukume;240V;16 sqmm;2; 
47;May;Christopher Masukume;240V;16 sqmm;1; 
48;May;Christopher Masukume;240V;16 sqmm;2; 
49;May;Christopher Masukume;240V;16 sqmm;2; 
50;May;Christopher Masukume;240V;16 sqmm;2; 
51;May;Christopher Masukume;240V;16 sqmm;2; 
52;May;Christopher Masukume;240V;16 sqmm;2; 
53;May;Christopher Masukume;240V;16 sqmm;2; 
54;May;Christopher Masukume;240V;16 sqmm;1; 
55;May;Christopher Masukume;240V;16 sqmm;1; 
56;May;Christopher Masukume;240V;16 sqmm;1; 
57;May;Christopher Masukume;240V;16 sqmm;1; 
58;May;Christopher Masukume;240V;16 sqmm;1; 
59;May;Christopher Masukume;240V;16 sqmm;1; 
60;May;Christopher Masukume;240V;16 sqmm;1; 
61;May;Christopher Masukume;240V;16 sqmm; ; 
62;May;Christopher Masukume;240V;16 sqmm; ; 
63;May;Christopher Masukume;240V;16 sqmm; ; 
64;May;Christopher Masukume;240V;16 sqmm; ; 
65;May;Christopher Masukume;240V;16 sqmm; ; 
66;May;Christopher Masukume;240V;16 sqmm; ; 
67;May;Christopher Masukume;240V;16 sqmm; ; 
68;May;Christopher Masukume;240V;16 sqmm; ; 
69;May;Christopher Masukume;240V;16 sqmm; ; 
70;May;Christopher Masukume;240V;16 sqmm; ; 
71;May;Christopher Masukume;240V;16 sqmm; ; 
72;May;Christopher Masukume;240V;16 sqmm; ; 
73;May;Christopher Masukume;240V;16 sqmm; ; 
74;May;Christopher Masukume;240V;16 sqmm; ; 
75;May;Christopher Masukume;240V;16 sqmm; ; 
76;May;Christopher Masukume;240V;16 sqmm; ; 
77;May;Christopher Masukume;240V;16 sqmm; ; 
78;May;Christopher Masukume;240V;16 sqmm; ; 
79;May;Christopher Masukume;240V;16 sqmm; ; 
80;May;Christopher Masukume;240V;16 sqmm; ; 
81;May;Christopher Masukume;240V;16 sqmm; ; 
82;May;Christopher Masukume;240V;16 sqmm; ; 
83;May;Christopher Masukume;240V;16 sqmm; ; 
84;May;Christopher Masukume;240V;16 sqmm; ; 
85;May;Christopher Masukume;240V;16 sqmm; ; 
86;May;Christopher Masukume;240V;16 sqmm; ; 
87;May;Christopher Masukume;240V;16 sqmm; ; 
88;May;Christopher Masukume;240V;16 sqmm; ; 
89;May;Christopher Masukume;240V;16 sqmm; ; 
90;May;Christopher Masukume;240V;16 sqmm; ; 
91;May;Christopher Masukume;240V;16 sqmm; ; 
92;May;Christopher Masukume;240V;16 sqmm; ; 
93;May;Christopher Masukume;240V;16 sqmm; ; 
94;May;Christopher Masukume;240V;16 sqmm; ; 
95;May;Christopher Masukume;240V;16 sqmm; ; 
96;May;Christopher Masukume;240V;16 sqmm; ; 
97;May;Christopher Masukume;240V;16 sqmm; ; 
98;May;Christopher Masukume;240V;16 sqmm; ; 
99;May;Christopher Masukume;240V;16 sqmm; ; 
100;May;Christopher Masukume;240V;16 sqmm; ; 
101;May;Christopher Masukume;240V;16 sqmm; ; 
102;May;Christopher Masukume;240V;16 sqmm; ; 
103;May;Christopher Masukume;240V;16 sqmm; ; 
104;May;Christopher Masukume;240V;16 sqmm; ; 
105;May;Christopher Masukume;240V;16 sqmm; ; 
106;May;Christopher Masukume;240V;16 sqmm; ; 
107;May;Christopher Masukume;240V;16 sqmm; ; 
108;May;Christopher Masukume;240V;16 sqmm; ; 
109;May;Christopher Masukume;240V;16 sqmm; ; 
110;May;Christopher Masukume;240V;16 sqmm; ; 
111;May;Christopher Masukume;240V;16 sqmm; ; 
112;May;Christopher Masukume;240V;16 sqmm; ; 
113;May;Christopher Masukume;240V;16 sqmm; ; 
114;May;Christopher Masukume;240V;16 sqmm; ; 
115;May;Christopher Masukume;240V;16 sqmm; ; 
116;May;Christopher Masukume;240V;16 sqmm; ; 
117;May;Christopher Masukume;240V;16 sqmm; ; 
118;May;Christopher Masukume;240V;16 sqmm; ; 
119;May;Christopher Masukume;240V;16 sqmm; ; 
120;May;Christopher Masukume;240V;16 sqmm; ; 
121;May;Christopher Masukume;240V;16 sqmm; ; 
122;May;Christopher Masukume;240V;16 sqmm; ; 
123;May;Christopher Masukume;240V;16 sqmm; ; 
124;May;Christopher Masukume;240V;16 sqmm; ; 
125;May;Christopher Masukume;240V;16 sqmm; ; 
126;May;Christopher Masukume;240V;16 sqmm; ; 
127;May;Christopher Masukume;240V;16 sqmm; ; 
128;May;Christopher Masukume;240V;16 sqmm; ; 
129;May;Christopher Masukume;240V;16 sqmm; ; 
130;May;Christopher Masukume;240V;16 sqmm; ; 
131;May;Christopher Masukume;240V;16 sqmm; ; 
132;May;Christopher Masukume;240V;16 sqmm; ; 
133;May;Christopher Masukume;240V;16 sqmm; ; 
134;May;Christopher Masukume;240V;16 sqmm;PVC; 
135;May;Christopher Masukume;240V;16 sqmm;PVC; 
136;May;Christopher Masukume;240V;16 sqmm;PVC; 
137;May;Christopher Masukume;240V;16 sqmm;PVC; 
138;May;Christopher Masukume;240V;16 sqmm;PVC; 
139;May;Christopher Masukume;240V;16 sqmm; ; 
140;May;Christopher Masukume;240V;16 sqmm; ; 
141;May;Christopher Masukume;240V;16 sqmm; ; 
142;May;Christopher Masukume;240V;16 sqmm; ; 
143;May;Christopher Masukume;240V;16 sqmm; ; 
144;May;Christopher Masukume;240V;16 sqmm; ; 
145;May;Christopher Masukume;240V;16 sqmm;PVC; 
146;May;Christopher Masukume;240V;16 sqmm;PVC; 
147;May;Christopher Masukume;240V;16 sqmm; ; 
148;May;Christopher Masukume;240V;16 sqmm; ; 
149;May;Christopher Masukume;240V;16 sqmm; ; 
150;May;Christopher Masukume;240V;16 sqmm;PVC; 
151;May;Christopher Masukume;240V;16 sqmm; ; 
152;May;Christopher Masukume;240V;16 sqmm; ; 
153;May;Christopher Masukume;240V;16 sqmm; ; 
154;May;Christopher Masukume;240V;16 sqmm;PILC; 
155;May;Christopher Masukume;240V;16 sqmm;PILC; 
156;May;Christopher Masukume;240V;16 sqmm;PILC; 
157;May;Christopher Masukume;240V;16 sqmm;PILC; 
158;May;Christopher Masukume;240V;16 sqmm;PILC; 
159;May;Christopher Masukume;240V;16 sqmm;PVC; 
160;May;Christopher Masukume;240V;16 sqmm;PVC; 
161;May;Christopher Masukume;240V;16 sqmm;PVC; 
162;May;Christopher Masukume;240V;16 sqmm;PVC; 
163;May;Christopher Masukume;240V;16 sqmm; ; 
164;May;Christopher Masukume;240V;16 sqmm; ; 
165;May;Christopher Masukume;240V;16 sqmm; ; 
166;May;Christopher Masukume;240V;16 sqmm; ; 
167;May;Christopher Masukume;240V;16 sqmm; ; 
168;May;Christopher Masukume;240V;16 sqmm; ; 
169;May;Christopher Masukume;240V;16 sqmm; ; 
170;May;Christopher Masukume;240V;16 sqmm; ; 
171;May;Christopher Masukume;240V;16 sqmm; ; 
172;May;Christopher Masukume;240V;16 sqmm; ; 
173;May;Christopher Masukume;240V;16 sqmm; ; 
174;May;Christopher Masukume;240V;16 sqmm; ; 
175;May;Christopher Masukume;240V;16 sqmm; ; 
176;May;Christopher Masukume;240V;16 sqmm; ; 
177;May;Christopher Masukume;240V;16 sqmm; ; 
178;May;Christopher Masukume;240V;16 sqmm; ; 
179;May;Christopher Masukume;240V;16 sqmm; ; 
180;May;Christopher Masukume;240V;16 sqmm; ; 
181;May;Christopher Masukume;240V;16 sqmm; ; 
182;May;Christopher Masukume;240V;16 sqmm; ; 
183;May;Christopher Masukume;240V;16 sqmm; ; 
184;May;Christopher Masukume;240V;16 sqmm; ; 
185;May;Christopher Masukume;240V;16 sqmm;Lv line; 
186;May;Christopher Masukume;240V;16 sqmm;PILC; 
187;May;Christopher Masukume;240V;16 sqmm;PILC; 
188;May;Christopher Masukume;240V;16 sqmm;PILC; 
189;May;Christopher Masukume;240V;16 sqmm;PILC; 
190;May;Christopher Masukume;240V;16 sqmm;Lv line; 
191;May;Christopher Masukume;240V;16 sqmm;PILC; 
192;May;Christopher Masukume;240V;16 sqmm;Lv line; 
193;May;Christopher Masukume;240V;16 sqmm;PILC; 
194;May;Christopher Masukume;240V;16 sqmm;PILC; 
195;May;Christopher Masukume;240V;16 sqmm;Lv line; 
196;May;Christopher Masukume;240V;16 sqmm;PILC; 
197;May;Christopher Masukume;240V;16 sqmm;Lv line; 
198;May;Christopher Masukume;240V;16 sqmm;PILC; 
199;May;Christopher Masukume;240V;16 sqmm;Sleeve; 
200;May;Christopher Masukume;240V;16 sqmm;Lv line; 
201;May;Christopher Masukume;240V;16 sqmm;PILC; 
202;May;Christopher Masukume;240V;16 sqmm;PILC; 
203;May;Christopher Masukume;240V;16 sqmm;PILC; 
204;May;Christopher Masukume;240V;16 sqmm;PILC; 
205;May;Christopher Masukume;240V;16 sqmm;PILC; 
206;May;Christopher Masukume;240V;16 sqmm;PILC; 
207;May;Christopher Masukume;240V;16 sqmm;PILC; 
208;May;Christopher Masukume;240V;16 sqmm;Sleeve; 
209;May;Christopher Masukume;240V;16 sqmm;PILC; 
210;May;Christopher Masukume;240V;16 sqmm;PILC; 
211;May;Christopher Masukume;240V;16 sqmm;PILC; 
212;May;Christopher Masukume;240V;16 sqmm;Sleeve; 
213;May;Christopher Masukume;240V;16 sqmm;PILC; 
214;May;Christopher Masukume;240V;16 sqmm;PILC; 
215;May;Christopher Masukume;240V;16 sqmm;Lv line; 
216;May;Christopher Masukume;240V;16 sqmm;PILC; 
217;May;Christopher Masukume;240V;16 sqmm;PILC; 
218;May;Christopher Masukume;240V;16 sqmm;PILC; 
219;May;Christopher Masukume;240V;16 sqmm;PILC; 
220;May;Christopher Masukume;240V;16 sqmm;PILC; 
221;May;Christopher Masukume;240V;16 sqmm;PILC; 
222;May;Christopher Masukume;240V;16 sqmm;PILC; 
223;May;Christopher Masukume;240V;16 sqmm;PILC; 
224;May;Christopher Masukume;240V;16 sqmm;PILC; 
225;May;Christopher Masukume;240V;16 sqmm;PILC; 
226;May;Christopher Masukume;240V;16 sqmm;PILC; 
227;May;Christopher Masukume;240V;16 sqmm;PILC; 
228;May;Christopher Masukume;240V;16 sqmm;PILC; 
229;May;Christopher Masukume;240V;16 sqmm;PILC; 
230;May;Christopher Masukume;240V;16 sqmm;PILC; 
231;May;Christopher Masukume;240V;16 sqmm;PILC; 
232;May;Christopher Masukume;240V;16 sqmm;PILC; 
233;May;Christopher Masukume;240V;16 sqmm;PILC; 
234;May;Christopher Masukume;240V;16 sqmm;PILC; 
235;May;Christopher Masukume;240V;16 sqmm;PILC; 
236;May;Christopher Masukume;240V;16 sqmm;PILC; 
237;May;Christopher Masukume;240V;16 sqmm;PILC; 
238;May;Christopher Masukume;240V;16 sqmm;PILC; 
239;May;Christopher Masukume;240V;16 sqmm;PILC; 
240;May;Christopher Masukume;240V;16 sqmm;PILC; 
241;May;Christopher Masukume;240V;16 sqmm;PILC; 
242;May;Christopher Masukume;240V;16 sqmm;PVC; 
243;May;Christopher Masukume;240V;16 sqmm;PVC; 
244;May;Christopher Masukume;240V;16 sqmm;PVC; 
245;May;Christopher Masukume;240V;16 sqmm;PVC; 
246;May;Christopher Masukume;240V;16 sqmm;PVC; 
247;May;Christopher Masukume;240V;16 sqmm;PVC; 
248;May;Christopher Masukume;240V;16 sqmm;PVC; 
249;May;Christopher Masukume;240V;16 sqmm;PVC; 
250;May;Christopher Masukume;240V;16 sqmm;PVC; 
251;May;Christopher Masukume;240V;16 sqmm;PVC; 
252;May;Christopher Masukume;240V;16 sqmm;PVC; 
253;May;Christopher Masukume;240V;16 sqmm;PVC; 
254;May;Christopher Masukume;240V;16 sqmm;PVC; 
255;May;Christopher Masukume;240V;16 sqmm;PVC; 
256;May;Christopher Masukume;240V;16 sqmm;PVC; 
257;May;Christopher Masukume;240V;16 sqmm;PVC; 
258;May;Christopher Masukume;240V;16 sqmm;PVC; 
259;May;Christopher Masukume;240V;16 sqmm;PVC; 
260;May;Christopher Masukume;240V;16 sqmm;PVC; 
261;May;Christopher Masukume;240V;16 sqmm;PVC; 
262;May;Christopher Masukume;240V;16 sqmm;PVC; 
263;May;Christopher Masukume;240V;16 sqmm;PVC; 
264;May;Christopher Masukume;240V;16 sqmm;PVC; 
265;May;Christopher Masukume;240V;16 sqmm;PVC; 
266;May;Christopher Masukume;240V;16 sqmm;PVC; 
267;May;Christopher Masukume;240V;16 sqmm;PVC; 
268;May;Christopher Masukume;240V;16 sqmm;PVC; 
269;May;Christopher Masukume;240V;16 sqmm;PVC; 
270;May;Christopher Masukume;240V;16 sqmm;PVC; 
271;May;Christopher Masukume;240V;16 sqmm;PVC; 
272;May;Christopher Masukume;240V;16 sqmm;PVC; 
273;May;Christopher Masukume;240V;16 sqmm;PVC; 
274;May;Christopher Masukume;240V;16 sqmm;PVC; 
275;May;Christopher Masukume;240V;16 sqmm;PVC; 
276;May;Christopher Masukume;240V;16 sqmm;PVC; 
277;May;Christopher Masukume;240V;16 sqmm;PVC; 
278;May;Christopher Masukume;240V;16 sqmm; ; 
279;May;Christopher Masukume;240V;16 sqmm; ; 
280;May;Christopher Masukume;240V;16 sqmm; ; 
281;May;Christopher Masukume;240V;16 sqmm; ; 
282;May;Christopher Masukume;240V;16 sqmm; ; 
283;May;Christopher Masukume;240V;16 sqmm; ; 
284;May;Christopher Masukume;240V;16 sqmm; ; 
285;May;Christopher Masukume;240V;16 sqmm; ; 
286;May;Christopher Masukume;240V;16 sqmm; ; 
287;May;Christopher Masukume;240V;16 sqmm; ; 
288;May;Christopher Masukume;240V;16 sqmm; ; 
289;May;Christopher Masukume;240V;16 sqmm; ; 
290;May;Christopher Masukume;240V;16 sqmm; ; 
291;May;Christopher Masukume;240V;16 sqmm; ; 
292;May;Christopher Masukume;240V;16 sqmm; ; 
293;May;Christopher Masukume;240V;16 sqmm; ; 
294;May;Christopher Masukume;240V;16 sqmm; ; 
295;May;Christopher Masukume;240V;16 sqmm; ; 
296;May;Christopher Masukume;240V;16 sqmm; ; 
297;May;Christopher Masukume;240V;16 sqmm; ; 
298;May;Christopher Masukume;240V;16 sqmm; ; 
299;May;Christopher Masukume;240V;16 sqmm; ; 
300;May;Christopher Masukume;240V;16 sqmm; ; 
301;May;Christopher Masukume;240V;16 sqmm; ; 
302;May;Christopher Masukume;240V;16 sqmm; ; 
303;May;Christopher Masukume;240V;16 sqmm; ; 
304;May;Christopher Masukume;240V;16 sqmm; ; 
305;May;Christopher Masukume;240V;16 sqmm; ; 
306;May;Christopher Masukume;240V;16 sqmm; ; 
307;May;Christopher Masukume;240V;16 sqmm; ; 
308;May;Christopher Masukume;240V;16 sqmm; ; 
309;May;Christopher Masukume;240V;16 sqmm; ; 
310;May;Christopher Masukume;240V;16 sqmm; ; 
311;May;Christopher Masukume;240V;16 sqmm; ; 
312;May;Christopher Masukume;240V;16 sqmm; ; 
313;May;Christopher Masukume;240V;16 sqmm; ; 
314;May;Christopher Masukume;240V;16 sqmm; ; 
315;May;Christopher Masukume;240V;16 sqmm; ; 
316;May;Christopher Masukume;240V;16 sqmm; ; 
317;May;Christopher Masukume;240V;16 sqmm; ; 
318;May;Christopher Masukume;240V;16 sqmm; ; 
319;May;Christopher Masukume;240V;16 sqmm; ; 
320;May;Christopher Masukume;240V;16 sqmm; ; 
321;May;Christopher Masukume;240V;16 sqmm; ; 
322;May;Christopher Masukume;240V;16 sqmm; ; 
323;May;Christopher Masukume;240V;16 sqmm; ; 
324;May;Christopher Masukume;240V;16 sqmm; ; 
325;May;Christopher Masukume;240V;16 sqmm; ; 
326;May;Christopher Masukume;240V;16 sqmm;PILC; 
327;May;Christopher Masukume;240V;16 sqmm;PILC; 
328;May;Christopher Masukume;240V;16 sqmm;Lv line; 
329;May;Christopher Masukume;240V;16 sqmm;PILC; 
330;May;Christopher Masukume;240V;16 sqmm;PILC; 
331;May;Christopher Masukume;240V;16 sqmm;PILC; 
332;May;Christopher Masukume;240V;16 sqmm;PILC; 
333;May;Christopher Masukume;240V;16 sqmm;PILC; 
334;May;Christopher Masukume;240V;16 sqmm;Sleeve; 
335;May;Christopher Masukume;240V;16 sqmm;Lv line; 
336;May;Christopher Masukume;240V;16 sqmm;PILC; 
337;May;Christopher Masukume;240V;16 sqmm;Lv line; 
338;May;Christopher Masukume;240V;16 sqmm;PILC; 
339;May;Christopher Masukume;240V;16 sqmm;Sleeve; 
340;May;Christopher Masukume;240V;16 sqmm;PILC; 
341;May;Christopher Masukume;240V;16 sqmm;PILC; 
342;May;Christopher Masukume;240V;16 sqmm;Lv line; 
343;May;Christopher Masukume;240V;16 sqmm;Sleeve; 
344;May;Christopher Masukume;240V;16 sqmm;PILC; 
345;May;Christopher Masukume;240V;16 sqmm;Lv line; 
346;May;Christopher Masukume;240V;16 sqmm; ; 
347;May;Christopher Masukume;240V;16 sqmm; ; 
348;May;Christopher Masukume;240V;16 sqmm; ; 
349;May;Christopher Masukume;240V;16 sqmm; ; 
350;May;Christopher Masukume;240V;16 sqmm; ; 
351;May;Christopher Masukume;240V;16 sqmm; ; 
352;May;Christopher Masukume;240V;16 sqmm; ; 
353;May;Christopher Masukume;240V;16 sqmm; ; 
354;May;Christopher Masukume;240V;16 sqmm; ; 
355;May;Christopher Masukume;240V;16 sqmm; ; 
356;May;Christopher Masukume;240V;16 sqmm; ; 
357;May;Christopher Masukume;240V;16 sqmm; ; 
358;May;Christopher Masukume;240V;16 sqmm; ; 
359;May;Christopher Masukume;240V;16 sqmm; ; 
360;May;Christopher Masukume;240V;16 sqmm; ; 
361;May;Christopher Masukume;240V;16 sqmm; ; 
362;May;Christopher Masukume;240V;16 sqmm; ; 
363;May;Christopher Masukume;240V;16 sqmm; ; 
364;May;Christopher Masukume;240V;16 sqmm; ; 
365;May;Christopher Masukume;240V;16 sqmm; ; 
366;May;Christopher Masukume;240V;16 sqmm; ; 
367;May;Christopher Masukume;240V;16 sqmm; ; 
368;May;Christopher Masukume;240V;16 sqmm; ; 
369;May;Christopher Masukume;240V;16 sqmm; ; 
370;May;Christopher Masukume;240V;16 sqmm; ; 
371;May;Christopher Masukume;240V;16 sqmm; ; 
372;May;Christopher Masukume;240V;16 sqmm; ; 
373;May;Christopher Masukume;240V;16 sqmm; ; 
374;May;Christopher Masukume;240V;16 sqmm; ; 
375;May;Christopher Masukume;240V;16 sqmm; ; 
376;May;Christopher Masukume;240V;16 sqmm; ; 
377;May;Christopher Masukume;240V;16 sqmm; ; 
378;May;Christopher Masukume;240V;16 sqmm; ; 
379;May;Christopher Masukume;240V;16 sqmm; ; 
380;May;Christopher Masukume;240V;16 sqmm; ; 
381;May;Christopher Masukume;240V;16 sqmm; ; 
382;May;Christopher Masukume;240V;16 sqmm; ; 
383;May;Christopher Masukume;240V;16 sqmm; ; 
384;May;Christopher Masukume;240V;16 sqmm; ; 
385;May;Christopher Masukume;240V;16 sqmm;cable; 
386;May;Christopher Masukume;240V;16 sqmm;CABLE; 
387;May;Christopher Masukume;240V;16 sqmm;cable; 
388;May;Christopher Masukume;240V;16 sqmm;CABLE; 
389;May;Christopher Masukume;240V;16 sqmm;CABLE; 
390;May;Christopher Masukume;240V;16 sqmm;CABLE; 
391;May;Christopher Masukume;240V;16 sqmm;CABLE; 
392;May;Christopher Masukume;240V;16 sqmm;CABLE; 
393;May;Christopher Masukume;240V;16 sqmm;CABLE; 
394;May;Christopher Masukume;240V;16 sqmm;CABLE; 
395;May;Christopher Masukume;240V;16 sqmm;CABLE; 
396;May;Christopher Masukume;240V;16 sqmm;cable; 
397;May;Christopher Masukume;240V;16 sqmm;CABLE; 
398;May;Christopher Masukume;240V;16 sqmm;CABLE; 
399;May;Christopher Masukume;240V;16 sqmm;CABLE; 
400;May;Christopher Masukume;240V;16 sqmm;CABLE; 
401;May;Christopher Masukume;240V;16 sqmm;cable; 
